<?xml version='1.1' encoding='UTF-8'?>
<analysisReport plugin="analysis-model-api@11.6.0">
  <id>-</id>
  <name>-</name>
  <originReportFile>-</originReportFile>
  <subReports>
    <analysisReport>
      <id>-</id>
      <name>-</name>
      <originReportFile>-</originReportFile>
      <subReports/>
      <elements class="linked-hash-set"/>
      <infoMessages/>
      <errorMessages/>
      <countersByKey/>
      <duplicatesSize>0</duplicatesSize>
    </analysisReport>
    <analysisReport>
      <id>cpd</id>
      <name>CPD</name>
      <originReportFile>C:/ProgramData/Jenkins/.jenkins/workspace/directxtk12/cpd.xml</originReportFile>
      <subReports/>
      <elements class="linked-hash-set"/>
      <infoMessages>
        <string>Searching for all files in &apos;C:\ProgramData\Jenkins\.jenkins\workspace\directxtk12&apos; that match the pattern &apos;**/cpd.xml&apos;</string>
        <string>Traversing of symbolic links: enabled</string>
        <string>-&gt; found 1 file</string>
        <string>Successfully parsed file C:\ProgramData\Jenkins\.jenkins\workspace\directxtk12\cpd.xml</string>
        <string>-&gt; found 0 issues (skipped 0 duplicates)</string>
        <string>Successfully processed file &apos;cpd.xml&apos;</string>
        <string>Skipping post processing</string>
        <string>No filter has been set, publishing all 0 issues</string>
      </infoMessages>
      <errorMessages/>
      <countersByKey/>
      <duplicatesSize>0</duplicatesSize>
    </analysisReport>
  </subReports>
  <elements class="linked-hash-set"/>
  <infoMessages>
    <string>Searching for all files in &apos;C:\ProgramData\Jenkins\.jenkins\workspace\directxtk12&apos; that match the pattern &apos;**/cpd.xml&apos;</string>
    <string>Traversing of symbolic links: enabled</string>
    <string>-&gt; found 1 file</string>
    <string>Successfully parsed file C:\ProgramData\Jenkins\.jenkins\workspace\directxtk12\cpd.xml</string>
    <string>-&gt; found 0 issues (skipped 0 duplicates)</string>
    <string>Successfully processed file &apos;cpd.xml&apos;</string>
    <string>Skipping post processing</string>
    <string>No filter has been set, publishing all 0 issues</string>
    <string>Searching for all files in &apos;C:\ProgramData\Jenkins\.jenkins\workspace\directxtk12&apos; that match the pattern &apos;**/cpd.xml&apos;</string>
    <string>Traversing of symbolic links: enabled</string>
    <string>-&gt; found 1 file</string>
    <string>Successfully parsed file C:\ProgramData\Jenkins\.jenkins\workspace\directxtk12\cpd.xml</string>
    <string>-&gt; found 0 issues (skipped 0 duplicates)</string>
    <string>Successfully processed file &apos;cpd.xml&apos;</string>
    <string>Skipping post processing</string>
    <string>No filter has been set, publishing all 0 issues</string>
    <string>Searching for all files in &apos;C:\ProgramData\Jenkins\.jenkins\workspace\directxtk12&apos; that match the pattern &apos;**/cpd.xml&apos;</string>
    <string>Traversing of symbolic links: enabled</string>
    <string>-&gt; found 1 file</string>
    <string>Successfully parsed file C:\ProgramData\Jenkins\.jenkins\workspace\directxtk12\cpd.xml</string>
    <string>-&gt; found 0 issues (skipped 0 duplicates)</string>
    <string>Successfully processed file &apos;cpd.xml&apos;</string>
    <string>Skipping post processing</string>
    <string>No filter has been set, publishing all 0 issues</string>
    <string>Repository miner is not configured, skipping repository mining</string>
    <string>Reference build recorder is not configured</string>
    <string>Obtaining reference build from same job (directxtk12)</string>
    <string>No valid reference build found that meets the criteria (NO_JOB_FAILURE - SUCCESSFUL_QUALITY_GATE)</string>
    <string>All reported issues will be considered outstanding</string>
    <string>No quality gates have been set - skipping</string>
    <string>Health report is disabled - skipping</string>
    <string>Created analysis result for 0 issues (found 0 new issues, fixed 0 issues)</string>
    <string>Attaching ResultAction with ID &apos;cpd&apos; to build &apos;directxtk12 #45&apos;.</string>
  </infoMessages>
  <errorMessages/>
  <countersByKey/>
  <duplicatesSize>0</duplicatesSize>
</analysisReport>