<?xml version='1.1' encoding='UTF-8'?>
<analysisReport plugin="analysis-model-api@11.6.0">
  <id>-</id>
  <name>-</name>
  <originReportFile>-</originReportFile>
  <subReports>
    <analysisReport>
      <id>cppcheck</id>
      <name>CPPCheck</name>
      <originReportFile>C:/ProgramData/Jenkins/.jenkins/workspace/myPipelineTest/cppcheck.xml</originReportFile>
      <subReports/>
      <elements class="linked-hash-set"/>
      <infoMessages>
        <string>Searching for all files in &apos;C:\ProgramData\Jenkins\.jenkins\workspace\myPipelineTest&apos; that match the pattern &apos;cppcheck.xml&apos;</string>
        <string>Traversing of symbolic links: enabled</string>
        <string>-&gt; found 1 file</string>
        <string>Successfully parsed file C:\ProgramData\Jenkins\.jenkins\workspace\myPipelineTest\cppcheck.xml</string>
        <string>-&gt; found 567 issues (skipped 0 duplicates)</string>
        <string>Successfully processed file &apos;cppcheck.xml&apos;</string>
        <string>Post processing issues on &apos;Master&apos; with source code encoding &apos;x-windows-949&apos;</string>
        <string>Creating SCM blamer to obtain author and commit information for affected files</string>
        <string>-&gt; No blamer installed yet. You need to install the &apos;git-forensics&apos; plugin to enable blaming for Git.</string>
        <string>Resolving file names for all issues in workspace &apos;C:\ProgramData\Jenkins\.jenkins\workspace\myPipelineTest&apos;</string>
        <string>-&gt; resolved paths in source directory (57 found, 0 not found)</string>
        <string>Resolving module names from module definitions (build.xml, pom.xml, or Manifest.mf files)</string>
        <string>-&gt; resolved module names for 567 issues</string>
        <string>Resolving package names (or namespaces) by parsing the affected files</string>
        <string>-&gt; resolved package names of 57 affected files</string>
        <string>No filter has been set, publishing all 567 issues</string>
        <string>Creating fingerprints for all affected code blocks to track issues over different builds</string>
        <string>-&gt; created fingerprints for 567 issues (skipped 0 issues)</string>
      </infoMessages>
      <errorMessages/>
      <countersByKey/>
      <duplicatesSize>0</duplicatesSize>
    </analysisReport>
  </subReports>
  <elements class="linked-hash-set"/>
  <infoMessages>
    <string>Searching for all files in &apos;C:\ProgramData\Jenkins\.jenkins\workspace\myPipelineTest&apos; that match the pattern &apos;cppcheck.xml&apos;</string>
    <string>Traversing of symbolic links: enabled</string>
    <string>-&gt; found 1 file</string>
    <string>Successfully parsed file C:\ProgramData\Jenkins\.jenkins\workspace\myPipelineTest\cppcheck.xml</string>
    <string>-&gt; found 567 issues (skipped 0 duplicates)</string>
    <string>Successfully processed file &apos;cppcheck.xml&apos;</string>
    <string>Post processing issues on &apos;Master&apos; with source code encoding &apos;x-windows-949&apos;</string>
    <string>Creating SCM blamer to obtain author and commit information for affected files</string>
    <string>-&gt; No blamer installed yet. You need to install the &apos;git-forensics&apos; plugin to enable blaming for Git.</string>
    <string>Resolving file names for all issues in workspace &apos;C:\ProgramData\Jenkins\.jenkins\workspace\myPipelineTest&apos;</string>
    <string>-&gt; resolved paths in source directory (57 found, 0 not found)</string>
    <string>Resolving module names from module definitions (build.xml, pom.xml, or Manifest.mf files)</string>
    <string>-&gt; resolved module names for 567 issues</string>
    <string>Resolving package names (or namespaces) by parsing the affected files</string>
    <string>-&gt; resolved package names of 57 affected files</string>
    <string>No filter has been set, publishing all 567 issues</string>
    <string>Creating fingerprints for all affected code blocks to track issues over different builds</string>
    <string>-&gt; created fingerprints for 567 issues (skipped 0 issues)</string>
    <string>Ignoring &apos;aggregatingResults&apos; and ID &apos;null&apos; since only a single tool is defined.</string>
    <string>Searching for all files in &apos;C:\ProgramData\Jenkins\.jenkins\workspace\myPipelineTest&apos; that match the pattern &apos;cppcheck.xml&apos;</string>
    <string>Traversing of symbolic links: enabled</string>
    <string>-&gt; found 1 file</string>
    <string>Successfully parsed file C:\ProgramData\Jenkins\.jenkins\workspace\myPipelineTest\cppcheck.xml</string>
    <string>-&gt; found 567 issues (skipped 0 duplicates)</string>
    <string>Successfully processed file &apos;cppcheck.xml&apos;</string>
    <string>Post processing issues on &apos;Master&apos; with source code encoding &apos;x-windows-949&apos;</string>
    <string>Creating SCM blamer to obtain author and commit information for affected files</string>
    <string>-&gt; No blamer installed yet. You need to install the &apos;git-forensics&apos; plugin to enable blaming for Git.</string>
    <string>Resolving file names for all issues in workspace &apos;C:\ProgramData\Jenkins\.jenkins\workspace\myPipelineTest&apos;</string>
    <string>-&gt; resolved paths in source directory (57 found, 0 not found)</string>
    <string>Resolving module names from module definitions (build.xml, pom.xml, or Manifest.mf files)</string>
    <string>-&gt; resolved module names for 567 issues</string>
    <string>Resolving package names (or namespaces) by parsing the affected files</string>
    <string>-&gt; resolved package names of 57 affected files</string>
    <string>No filter has been set, publishing all 567 issues</string>
    <string>Creating fingerprints for all affected code blocks to track issues over different builds</string>
    <string>-&gt; created fingerprints for 567 issues (skipped 0 issues)</string>
    <string>Copying affected files to Jenkins&apos; build folder &apos;C:\ProgramData\Jenkins\.jenkins\jobs\myPipelineTest\builds\7\files-with-issues&apos;</string>
    <string>-&gt; 57 copied, 0 not in workspace, 0 not-found, 0 with I/O error</string>
    <string>Repository miner is not configured, skipping repository mining</string>
    <string>Reference build recorder is not configured</string>
    <string>Obtaining reference build from same job (myPipelineTest)</string>
    <string>Using reference build &apos;myPipelineTest #6&apos; to compute new, fixed, and outstanding issues</string>
  </infoMessages>
  <errorMessages/>
  <countersByKey/>
  <duplicatesSize>0</duplicatesSize>
</analysisReport>