<?xml version='1.1' encoding='UTF-8'?>
<org.jvnet.hudson.plugins.thinbackup.backup.PluginList plugin="thinBackup@1.18">
  <plugins>
    <entry>
      <string>mina-sshd-api-core</string>
      <string>2.10.0-69.v28e3e36d18eb_</string>
    </entry>
    <entry>
      <string>jdk-tool</string>
      <string>73.vddf737284550</string>
    </entry>
    <entry>
      <string>github-branch-source</string>
      <string>1732.v3f1889a_c475b_</string>
    </entry>
    <entry>
      <string>snakeyaml-api</string>
      <string>2.2-111.vc6598e30cc65</string>
    </entry>
    <entry>
      <string>pipeline-github-lib</string>
      <string>42.v0739460cda_c4</string>
    </entry>
    <entry>
      <string>workflow-multibranch</string>
      <string>756.v891d88f2cd46</string>
    </entry>
    <entry>
      <string>maven-plugin</string>
      <string>3.23</string>
    </entry>
    <entry>
      <string>pipeline-stage-tags-metadata</string>
      <string>2.2144.v077a_d1928a_40</string>
    </entry>
    <entry>
      <string>javax-activation-api</string>
      <string>1.2.0-6</string>
    </entry>
    <entry>
      <string>git-client</string>
      <string>4.4.0</string>
    </entry>
    <entry>
      <string>scm-api</string>
      <string>676.v886669a_199a_a_</string>
    </entry>
    <entry>
      <string>pipeline-stage-step</string>
      <string>305.ve96d0205c1c6</string>
    </entry>
    <entry>
      <string>email-ext</string>
      <string>2.100</string>
    </entry>
    <entry>
      <string>github</string>
      <string>1.37.3</string>
    </entry>
    <entry>
      <string>build-timeout</string>
      <string>1.31</string>
    </entry>
    <entry>
      <string>forensics-api</string>
      <string>2.3.0</string>
    </entry>
    <entry>
      <string>mailer</string>
      <string>463.vedf8358e006b_</string>
    </entry>
    <entry>
      <string>jackson2-api</string>
      <string>2.15.2-350.v0c2f3f8fc595</string>
    </entry>
    <entry>
      <string>workflow-scm-step</string>
      <string>415.v434365564324</string>
    </entry>
    <entry>
      <string>jakarta-mail-api</string>
      <string>2.0.1-3</string>
    </entry>
    <entry>
      <string>ws-cleanup</string>
      <string>0.45</string>
    </entry>
    <entry>
      <string>token-macro</string>
      <string>384.vf35b_f26814ec</string>
    </entry>
    <entry>
      <string>thinBackup</string>
      <string>1.18</string>
    </entry>
    <entry>
      <string>okhttp-api</string>
      <string>4.11.0-157.v6852a_a_fa_ec11</string>
    </entry>
    <entry>
      <string>pipeline-build-step</string>
      <string>505.v5f0844d8d126</string>
    </entry>
    <entry>
      <string>pipeline-stage-view</string>
      <string>2.33</string>
    </entry>
    <entry>
      <string>pipeline-model-definition</string>
      <string>2.2144.v077a_d1928a_40</string>
    </entry>
    <entry>
      <string>instance-identity</string>
      <string>173.va_37c494ec4e5</string>
    </entry>
    <entry>
      <string>resource-disposer</string>
      <string>0.23</string>
    </entry>
    <entry>
      <string>bouncycastle-api</string>
      <string>2.29</string>
    </entry>
    <entry>
      <string>jaxb</string>
      <string>2.3.8-1</string>
    </entry>
    <entry>
      <string>javadoc</string>
      <string>243.vb_b_503b_b_45537</string>
    </entry>
    <entry>
      <string>pam-auth</string>
      <string>1.10</string>
    </entry>
    <entry>
      <string>workflow-durable-task-step</string>
      <string>1289.v4d3e7b_01546b_</string>
    </entry>
    <entry>
      <string>ssh-credentials</string>
      <string>308.ve4497b_ccd8f4</string>
    </entry>
    <entry>
      <string>data-tables-api</string>
      <string>1.13.5-1</string>
    </entry>
    <entry>
      <string>workflow-basic-steps</string>
      <string>1042.ve7b_140c4a_e0c</string>
    </entry>
    <entry>
      <string>workflow-job</string>
      <string>1342.v046651d5b_dfe</string>
    </entry>
    <entry>
      <string>jsch</string>
      <string>0.2.8-65.v052c39de79b_2</string>
    </entry>
    <entry>
      <string>github-api</string>
      <string>1.314-431.v78d72a_3fe4c3</string>
    </entry>
    <entry>
      <string>echarts-api</string>
      <string>5.4.0-5</string>
    </entry>
    <entry>
      <string>msbuild</string>
      <string>1.30</string>
    </entry>
    <entry>
      <string>workflow-cps</string>
      <string>3774.v4a_d648d409ce</string>
    </entry>
    <entry>
      <string>sshd</string>
      <string>3.312.v1c601b_c83b_0e</string>
    </entry>
    <entry>
      <string>matrix-auth</string>
      <string>3.2</string>
    </entry>
    <entry>
      <string>jjwt-api</string>
      <string>0.11.5-77.v646c772fddb_0</string>
    </entry>
    <entry>
      <string>ionicons-api</string>
      <string>56.v1b_1c8c49374e</string>
    </entry>
    <entry>
      <string>prism-api</string>
      <string>1.29.0-7</string>
    </entry>
    <entry>
      <string>script-security</string>
      <string>1275.v23895f409fb_d</string>
    </entry>
    <entry>
      <string>Hudson core</string>
      <string>2.414.1</string>
    </entry>
    <entry>
      <string>cppncss</string>
      <string>1.2</string>
    </entry>
    <entry>
      <string>pipeline-milestone-step</string>
      <string>111.v449306f708b_7</string>
    </entry>
    <entry>
      <string>jakarta-activation-api</string>
      <string>2.0.1-3</string>
    </entry>
    <entry>
      <string>trilead-api</string>
      <string>2.84.v72119de229b_7</string>
    </entry>
    <entry>
      <string>commons-text-api</string>
      <string>1.10.0-78.v3e7b_ea_d5a_fe1</string>
    </entry>
    <entry>
      <string>warnings-ng</string>
      <string>10.4.0</string>
    </entry>
    <entry>
      <string>javax-mail-api</string>
      <string>1.6.2-9</string>
    </entry>
    <entry>
      <string>ldap</string>
      <string>694.vc02a_69c9787f</string>
    </entry>
    <entry>
      <string>plugin-util-api</string>
      <string>3.3.0</string>
    </entry>
    <entry>
      <string>variant</string>
      <string>60.v7290fc0eb_b_cd</string>
    </entry>
    <entry>
      <string>font-awesome-api</string>
      <string>6.4.0-2</string>
    </entry>
    <entry>
      <string>pipeline-model-extensions</string>
      <string>2.2144.v077a_d1928a_40</string>
    </entry>
    <entry>
      <string>pipeline-groovy-lib</string>
      <string>685.v8ee9ed91d574</string>
    </entry>
    <entry>
      <string>analysis-model-api</string>
      <string>11.6.0</string>
    </entry>
    <entry>
      <string>workflow-support</string>
      <string>848.v5a_383b_d14921</string>
    </entry>
    <entry>
      <string>checks-api</string>
      <string>2.0.0</string>
    </entry>
    <entry>
      <string>antisamy-markup-formatter</string>
      <string>162.v0e6ec0fcfcf6</string>
    </entry>
    <entry>
      <string>pipeline-rest-api</string>
      <string>2.33</string>
    </entry>
    <entry>
      <string>pipeline-model-api</string>
      <string>2.2144.v077a_d1928a_40</string>
    </entry>
    <entry>
      <string>pipeline-input-step</string>
      <string>477.v339683a_8d55e</string>
    </entry>
    <entry>
      <string>jquery3-api</string>
      <string>3.7.0-1</string>
    </entry>
    <entry>
      <string>credentials-binding</string>
      <string>631.v861c06d062b_4</string>
    </entry>
    <entry>
      <string>workflow-aggregator</string>
      <string>596.v8c21c963d92d</string>
    </entry>
    <entry>
      <string>credentials</string>
      <string>1271.v54b_1c2c6388a_</string>
    </entry>
    <entry>
      <string>mina-sshd-api-common</string>
      <string>2.10.0-69.v28e3e36d18eb_</string>
    </entry>
    <entry>
      <string>caffeine-api</string>
      <string>3.1.8-133.v17b_1ff2e0599</string>
    </entry>
    <entry>
      <string>workflow-step-api</string>
      <string>639.v6eca_cd8c04a_a_</string>
    </entry>
    <entry>
      <string>plain-credentials</string>
      <string>143.v1b_df8b_d3b_e48</string>
    </entry>
    <entry>
      <string>command-launcher</string>
      <string>107.v773860566e2e</string>
    </entry>
    <entry>
      <string>dark-theme</string>
      <string>336.v02165cd8c2ee</string>
    </entry>
    <entry>
      <string>matrix-project</string>
      <string>808.v5a_b_5f56d6966</string>
    </entry>
    <entry>
      <string>theme-manager</string>
      <string>211.vef2a_42c645a_b_</string>
    </entry>
    <entry>
      <string>git</string>
      <string>5.2.0</string>
    </entry>
    <entry>
      <string>bootstrap5-api</string>
      <string>5.3.0-1</string>
    </entry>
    <entry>
      <string>cloudbees-folder</string>
      <string>6.848.ve3b_fd7839a_81</string>
    </entry>
    <entry>
      <string>durable-task</string>
      <string>523.va_a_22cf15d5e0</string>
    </entry>
    <entry>
      <string>timestamper</string>
      <string>1.26</string>
    </entry>
    <entry>
      <string>junit</string>
      <string>1217.v4297208a_a_b_ce</string>
    </entry>
    <entry>
      <string>pipeline-graph-analysis</string>
      <string>202.va_d268e64deb_3</string>
    </entry>
    <entry>
      <string>apache-httpcomponents-client-4-api</string>
      <string>4.5.14-208.v438351942757</string>
    </entry>
    <entry>
      <string>structs</string>
      <string>325.vcb_307d2a_2782</string>
    </entry>
    <entry>
      <string>htmlpublisher</string>
      <string>1.32</string>
    </entry>
    <entry>
      <string>ssh-slaves</string>
      <string>2.916.vd17b_43357ce4</string>
    </entry>
    <entry>
      <string>commons-lang3-api</string>
      <string>3.13.0-62.v7d18e55f51e2</string>
    </entry>
    <entry>
      <string>display-url-api</string>
      <string>2.3.9</string>
    </entry>
    <entry>
      <string>branch-api</string>
      <string>2.1122.v09cb_8ea_8a_724</string>
    </entry>
    <entry>
      <string>workflow-api</string>
      <string>1267.vd9b_a_ddd9eb_47</string>
    </entry>
    <entry>
      <string>text-finder</string>
      <string>1.26</string>
    </entry>
  </plugins>
  <pluginsXml>d:\backup\jenkins\FULL-2023-09-08_16-01\installedPlugins.xml</pluginsXml>
</org.jvnet.hudson.plugins.thinbackup.backup.PluginList>