<?xml version='1.1' encoding='UTF-8'?>
<org.jenkinsci.plugins.resourcedisposer.AsyncResourceDisposer plugin="resource-disposer@0.23">
  <id>AsyncResourceDisposer</id>
  <backlog class="java.util.Collections$SetFromMap" serialization="custom">
    <unserializable-parents/>
    <java.util.Collections_-SetFromMap>
      <default>
        <m class="concurrent-hash-map"/>
      </default>
    </java.util.Collections_-SetFromMap>
  </backlog>
</org.jenkinsci.plugins.resourcedisposer.AsyncResourceDisposer>