<?xml version='1.1' encoding='UTF-8'?>
<org.jvnet.hudson.plugins.thinbackup.ThinBackupPluginImpl plugin="thinBackup@1.18">
  <fullBackupSchedule>0 5 * * 7</fullBackupSchedule>
  <diffBackupSchedule>0 5 * * 1-6</diffBackupSchedule>
  <backupPath>d:\backup\jenkins</backupPath>
  <nrMaxStoredFull>-1</nrMaxStoredFull>
  <excludedFilesRegex></excludedFilesRegex>
  <waitForIdle>true</waitForIdle>
  <forceQuietModeTimeout>120</forceQuietModeTimeout>
  <cleanupDiff>false</cleanupDiff>
  <moveOldBackupsToZipFile>false</moveOldBackupsToZipFile>
  <backupBuildResults>true</backupBuildResults>
  <backupBuildArchive>true</backupBuildArchive>
  <backupPluginArchives>false</backupPluginArchives>
  <backupUserContents>false</backupUserContents>
  <backupConfigHistory>false</backupConfigHistory>
  <backupAdditionalFiles>false</backupAdditionalFiles>
  <backupAdditionalFilesRegex></backupAdditionalFilesRegex>
  <backupNextBuildNumber>false</backupNextBuildNumber>
  <backupBuildsToKeepOnly>false</backupBuildsToKeepOnly>
  <failFast>true</failFast>
</org.jvnet.hudson.plugins.thinbackup.ThinBackupPluginImpl>