<?xml version='1.1' encoding='UTF-8'?>
<analysisReport plugin="analysis-model-api@11.6.0">
  <id>-</id>
  <name>-</name>
  <originReportFile>-</originReportFile>
  <subReports>
    <analysisReport>
      <id>cpd</id>
      <name>CPD</name>
      <originReportFile>C:/ProgramData/Jenkins/.jenkins/workspace/curl/cpd.xml</originReportFile>
      <subReports/>
      <elements class="linked-hash-set">
        <issue>
          <category></category>
          <type>-</type>
          <severity>NORMAL</severity>
          <lineStart>1644</lineStart>
          <lineEnd>1668</lineEnd>
          <columnStart>0</columnStart>
          <columnEnd>0</columnEnd>
          <lineRanges/>
          <id>b92d1a84-21ef-475c-9531-d468798cbbfe</id>
          <additionalProperties class="edu.hm.hafner.analysis.parser.dry.DuplicationGroup">
            <occurrences>
              <issue reference="../../.."/>
              <issue>
                <category></category>
                <type>-</type>
                <severity reference="../../../../severity"/>
                <lineStart>1687</lineStart>
                <lineEnd>1711</lineEnd>
                <columnStart>0</columnStart>
                <columnEnd>0</columnEnd>
                <lineRanges/>
                <id>c859a335-2aae-49f2-be9b-bb5ea1c3de8b</id>
                <additionalProperties class="edu.hm.hafner.analysis.parser.dry.DuplicationGroup" reference="../../.."/>
                <reference>5</reference>
                <origin>cpd</origin>
                <originName>CPD</originName>
                <moduleName></moduleName>
                <packageName>-</packageName>
                <pathName>C:/ProgramData/Jenkins/.jenkins/workspace/curl</pathName>
                <fileName>src/tool_operate.c</fileName>
                <message>Found duplicated code.</message>
                <description></description>
                <fingerprint>7FC603389416F4FBBC1045F5AAF2DA37</fingerprint>
              </issue>
            </occurrences>
            <codeFragment>FILE *fInCert = fopen(config-&gt;cert + 8, &quot;rb&quot;);
            void *certdata = NULL;
            long filesize = 0;
            bool continue_reading = fInCert != NULL;
            if(continue_reading)
              continue_reading = fseek(fInCert, 0, SEEK_END) == 0;
            if(continue_reading)
              filesize = ftell(fInCert);
            if(filesize &lt; 0)
              continue_reading = FALSE;
            if(continue_reading)
              continue_reading = fseek(fInCert, 0, SEEK_SET) == 0;
            if(continue_reading)
              certdata = malloc(((size_t)filesize) + 1);
            if((!certdata) ||
                ((int)fread(certdata, (size_t)filesize, 1, fInCert) != 1))
              continue_reading = FALSE;
            if(fInCert)
              fclose(fInCert);
            if((filesize &gt; 0) &amp;&amp; continue_reading) {
              struct curl_blob structblob;
              structblob.data = certdata;
              structblob.len = (size_t)filesize;
              structblob.flags = CURL_BLOB_COPY;
              my_setopt_str(curl, CURLOPT_SSLCERT_BLOB, &amp;structblob);</codeFragment>
          </additionalProperties>
          <reference>5</reference>
          <origin>cpd</origin>
          <originName>CPD</originName>
          <moduleName></moduleName>
          <packageName reference="../additionalProperties/occurrences/issue[2]/packageName"/>
          <pathName>C:/ProgramData/Jenkins/.jenkins/workspace/curl</pathName>
          <fileName reference="../additionalProperties/occurrences/issue[2]/fileName"/>
          <message reference="../additionalProperties/occurrences/issue[2]/message"/>
          <description></description>
          <fingerprint>AA3E59487D7450A7C6B671FA9B3D8E1A</fingerprint>
        </issue>
        <issue reference="../issue/additionalProperties/occurrences/issue[2]"/>
        <issue>
          <category></category>
          <type>-</type>
          <severity>LOW</severity>
          <lineStart>319</lineStart>
          <lineEnd>339</lineEnd>
          <columnStart>0</columnStart>
          <columnEnd>0</columnEnd>
          <lineRanges/>
          <id>c1fde356-7e76-4690-b74b-bc1a65e4eaaa</id>
          <additionalProperties class="edu.hm.hafner.analysis.parser.dry.DuplicationGroup">
            <occurrences>
              <issue reference="../../.."/>
              <issue>
                <category></category>
                <type>-</type>
                <severity reference="../../../../severity"/>
                <lineStart>363</lineStart>
                <lineEnd>383</lineEnd>
                <columnStart>0</columnStart>
                <columnEnd>0</columnEnd>
                <lineRanges/>
                <id>e1e150d0-f903-4beb-b184-9629d5092b86</id>
                <additionalProperties class="edu.hm.hafner.analysis.parser.dry.DuplicationGroup" reference="../../.."/>
                <reference>5</reference>
                <origin>cpd</origin>
                <originName>CPD</originName>
                <moduleName></moduleName>
                <packageName reference="../../../../../issue/additionalProperties/occurrences/issue[2]/packageName"/>
                <pathName>C:/ProgramData/Jenkins/.jenkins/workspace/curl</pathName>
                <fileName>src/tool_setopt.c</fileName>
                <message reference="../../../../../issue/additionalProperties/occurrences/issue[2]/message"/>
                <description></description>
                <fingerprint>58E0CE8168DF5FC6CA27EBD47C1EE556</fingerprint>
              </issue>
            </occurrences>
            <codeFragment>const struct NameValue *nv = NULL;
    msnprintf(preamble, sizeof(preamble),
              &quot;curl_easy_setopt(hnd, %s, &quot;, name);
    for(nv = nvlist; nv-&gt;name; nv++) {
      if((nv-&gt;value &amp; ~ rest) == 0) {
        /* all value flags contained in rest */
        rest &amp;= ~ nv-&gt;value;    /* remove bits handled here */
        CODE3(&quot;%s(long)%s%s&quot;,
              preamble, nv-&gt;name, rest ? &quot; |&quot; : &quot;);&quot;);
        if(!rest)
          break;                /* handled them all */
        /* replace with all spaces for continuation line */
        msnprintf(preamble, sizeof(preamble), &quot;%*s&quot;, (int)strlen(preamble),
                  &quot;&quot;);
      }
    }
    /* If any bits have no definition, output an explicit value.
     * This could happen if new bits are defined and used
     * but the NameValue list is not updated. */
    if(rest)
      CODE2(&quot;%s%ldL);&quot;, preamble, rest);</codeFragment>
          </additionalProperties>
          <reference>5</reference>
          <origin>cpd</origin>
          <originName>CPD</originName>
          <moduleName></moduleName>
          <packageName reference="../../issue/additionalProperties/occurrences/issue[2]/packageName"/>
          <pathName>C:/ProgramData/Jenkins/.jenkins/workspace/curl</pathName>
          <fileName reference="../additionalProperties/occurrences/issue[2]/fileName"/>
          <message reference="../../issue/additionalProperties/occurrences/issue[2]/message"/>
          <description></description>
          <fingerprint>38CEDBF79E4B4FFA7E77C6A283ACAB4E</fingerprint>
        </issue>
        <issue reference="../issue[3]/additionalProperties/occurrences/issue[2]"/>
      </elements>
      <infoMessages>
        <string>Searching for all files in &apos;C:\ProgramData\Jenkins\.jenkins\workspace\curl&apos; that match the pattern &apos;**/cpd.xml&apos;</string>
        <string>Traversing of symbolic links: enabled</string>
        <string>-&gt; found 1 file</string>
        <string>Successfully parsed file C:\ProgramData\Jenkins\.jenkins\workspace\curl\cpd.xml</string>
        <string>-&gt; found 4 issues (skipped 0 duplicates)</string>
        <string>Successfully processed file &apos;cpd.xml&apos;</string>
        <string>Post processing issues on &apos;Master&apos; with source code encoding &apos;x-windows-949&apos;</string>
        <string>Creating SCM blamer to obtain author and commit information for affected files</string>
        <string>-&gt; No blamer installed yet. You need to install the &apos;git-forensics&apos; plugin to enable blaming for Git.</string>
        <string>Resolving file names for all issues in workspace &apos;C:\ProgramData\Jenkins\.jenkins\workspace\curl&apos;</string>
        <string>-&gt; resolved paths in source directory (2 found, 0 not found)</string>
        <string>Resolving module names from module definitions (build.xml, pom.xml, or Manifest.mf files)</string>
        <string>-&gt; resolved module names for 4 issues</string>
        <string>Resolving package names (or namespaces) by parsing the affected files</string>
        <string>-&gt; resolved package names of 2 affected files</string>
        <string>No filter has been set, publishing all 4 issues</string>
        <string>Creating fingerprints for all affected code blocks to track issues over different builds</string>
        <string>-&gt; created fingerprints for 4 issues (skipped 0 issues)</string>
      </infoMessages>
      <errorMessages/>
      <countersByKey/>
      <duplicatesSize>0</duplicatesSize>
    </analysisReport>
  </subReports>
  <elements class="linked-hash-set"/>
  <infoMessages>
    <string>Searching for all files in &apos;C:\ProgramData\Jenkins\.jenkins\workspace\curl&apos; that match the pattern &apos;**/cpd.xml&apos;</string>
    <string>Traversing of symbolic links: enabled</string>
    <string>-&gt; found 1 file</string>
    <string>Successfully parsed file C:\ProgramData\Jenkins\.jenkins\workspace\curl\cpd.xml</string>
    <string>-&gt; found 4 issues (skipped 0 duplicates)</string>
    <string>Successfully processed file &apos;cpd.xml&apos;</string>
    <string>Post processing issues on &apos;Master&apos; with source code encoding &apos;x-windows-949&apos;</string>
    <string>Creating SCM blamer to obtain author and commit information for affected files</string>
    <string>-&gt; No blamer installed yet. You need to install the &apos;git-forensics&apos; plugin to enable blaming for Git.</string>
    <string>Resolving file names for all issues in workspace &apos;C:\ProgramData\Jenkins\.jenkins\workspace\curl&apos;</string>
    <string>-&gt; resolved paths in source directory (2 found, 0 not found)</string>
    <string>Resolving module names from module definitions (build.xml, pom.xml, or Manifest.mf files)</string>
    <string>-&gt; resolved module names for 4 issues</string>
    <string>Resolving package names (or namespaces) by parsing the affected files</string>
    <string>-&gt; resolved package names of 2 affected files</string>
    <string>No filter has been set, publishing all 4 issues</string>
    <string>Creating fingerprints for all affected code blocks to track issues over different builds</string>
    <string>-&gt; created fingerprints for 4 issues (skipped 0 issues)</string>
    <string>Copying affected files to Jenkins&apos; build folder &apos;C:\ProgramData\Jenkins\.jenkins\jobs\curl\builds\5\files-with-issues&apos;</string>
    <string>-&gt; 0 copied, 0 not in workspace, 0 not-found, 0 with I/O error</string>
    <string>Repository miner is not configured, skipping repository mining</string>
    <string>Reference build recorder is not configured</string>
    <string>Obtaining reference build from same job (curl)</string>
    <string>No valid reference build found that meets the criteria (NO_JOB_FAILURE - SUCCESSFUL_QUALITY_GATE)</string>
    <string>All reported issues will be considered outstanding</string>
    <string>No quality gates have been set - skipping</string>
    <string>Health report is disabled - skipping</string>
    <string>Created analysis result for 4 issues (found 0 new issues, fixed 0 issues)</string>
    <string>Attaching ResultAction with ID &apos;cpd&apos; to build &apos;curl #5&apos;.</string>
  </infoMessages>
  <errorMessages/>
  <countersByKey/>
  <duplicatesSize>0</duplicatesSize>
</analysisReport>